Date,Symbol,Series,Prev Close,Open,High,Low,Last,Close,VWAP,Volume,Turnover,Trades,Deliverable Volume,%Deliverble
2015-01-01,BHARTIARTL,EQ,352.7,354.4,364.9,351.65,363.0,362.9,358.9,2217263,79576969150000.0,25445,1042436,0.47009999999999996
2015-01-02,BHARTIARTL,EQ,362.9,363.8,367.0,362.0,365.15,365.05,364.73,2519814,91904249210000.0,46461,1493017,0.5925
2015-01-05,BHARTIARTL,EQ,365.05,366.25,366.25,355.6,357.2,356.95,359.31,1446759,51983688455000.0,27848,688766,0.4761
2015-01-06,BHARTIARTL,EQ,356.95,356.1,356.1,348.4,354.5,354.15,353.79,3530178,124892624705000.0,59463,2725330,0.772
2015-01-07,BHARTIARTL,EQ,354.15,351.95,358.0,350.5,355.0,355.0,355.41,4415546,156934305460000.0,117150,3461811,0.784
2015-01-08,BHARTIARTL,EQ,355.0,356.55,362.95,353.15,359.5,361.15,360.66,6395881,230674551469999.97,92045,5531282,0.8648
2015-01-09,BHARTIARTL,EQ,361.15,362.5,364.9,353.95,354.0,355.8,357.68,3453422,123521311234999.98,80566,2137900,0.6191
2015-01-12,BHARTIARTL,EQ,355.8,355.7,355.7,347.1,348.75,348.95,349.12,2052141,71643502260000.0,68016,1344675,0.6553
2015-01-13,BHARTIARTL,EQ,348.95,349.9,352.3,344.3,346.9,346.3,348.64,1445773,50405344840000.0,57658,807101,0.5582
2015-01-14,BHARTIARTL,EQ,346.3,346.95,348.2,344.65,346.25,345.8,345.93,3077986,106477235105000.0,61697,2249431,0.7308
2015-01-15,BHARTIARTL,EQ,345.8,346.1,352.6,343.3,348.7,349.35,350.03,4475688,156662144295000.0,45587,3516207,0.7856000000000001
2015-01-16,BHARTIARTL,EQ,349.35,347.0,352.0,339.1,342.6,342.85,341.6,8813544,301068105065000.0,99529,7183712,0.8151
2015-01-19,BHARTIARTL,EQ,342.85,343.9,352.3,341.9,350.75,350.45,348.42,3050874,106299601555000.0,60956,1940324,0.636
2015-01-20,BHARTIARTL,EQ,350.45,350.45,357.0,348.05,354.1,354.9,353.18,2605572,92022304540000.0,47528,1609729,0.6178
2015-01-21,BHARTIARTL,EQ,354.9,355.0,370.0,354.5,368.2,369.0,365.61,4553897,166493083805000.0,62705,2518202,0.5529999999999999
2015-01-22,BHARTIARTL,EQ,369.0,373.35,373.95,361.15,369.5,370.0,368.55,2255707,83133712885000.0,39249,1259402,0.5583
2015-01-23,BHARTIARTL,EQ,370.0,372.95,387.75,372.0,383.25,384.1,382.39,5650375,216063978235000.0,84384,3527772,0.6243
2015-01-27,BHARTIARTL,EQ,384.1,382.7,395.0,381.6,393.5,394.2,389.64,4748323,185012905510000.0,61506,3171784,0.668
2015-01-28,BHARTIARTL,EQ,394.2,393.7,395.7,371.6,375.7,373.6,378.92,4047153,153353533335000.0,61580,2147412,0.5306000000000001
2015-01-29,BHARTIARTL,EQ,373.6,374.8,380.5,363.05,377.1,375.8,370.21,6797437,251648177560000.0,100662,4523165,0.6654000000000001
2015-01-30,BHARTIARTL,EQ,375.8,380.8,380.8,366.15,374.0,373.7,371.93,4875027,181316622335000.0,65846,3088889,0.6336
2015-02-02,BHARTIARTL,EQ,373.7,370.0,373.35,356.5,360.7,359.3,361.42,3746754,135416600395000.0,70323,2271354,0.6062
2015-02-03,BHARTIARTL,EQ,359.3,360.15,374.0,360.1,374.0,371.55,368.05,3823467,140721813534999.98,56849,2187733,0.5722
2015-02-04,BHARTIARTL,EQ,371.55,375.0,377.3,365.0,369.0,368.95,369.74,4988487,184442775945000.0,83281,2782425,0.5578000000000001
2015-02-05,BHARTIARTL,EQ,368.95,370.0,371.9,360.05,362.9,364.7,365.96,7443731,272413959144999.97,69590,5603018,0.7526999999999999
2015-02-06,BHARTIARTL,EQ,364.7,364.9,370.0,359.0,367.5,368.25,367.01,2991270,109783103130000.0,33591,1616868,0.5405
2015-02-09,BHARTIARTL,EQ,368.25,365.0,365.7,353.25,358.2,356.1,358.14,2731044,97810203985000.0,70846,1786561,0.6542
2015-02-10,BHARTIARTL,EQ,356.1,355.3,361.8,353.0,357.95,356.15,355.29,6171167,219252843215000.0,60755,4653094,0.7540000000000001
2015-02-11,BHARTIARTL,EQ,356.15,356.95,360.65,348.0,360.5,356.1,352.44,3144877,110837268595000.0,38084,2023352,0.6434000000000001
2015-02-12,BHARTIARTL,EQ,356.1,359.0,359.85,349.3,353.45,352.7,351.48,3931238,138176498550000.0,64336,2606513,0.663
2015-02-13,BHARTIARTL,EQ,352.7,353.8,356.5,349.3,356.45,355.0,352.67,3044239,107360077980000.0,51915,1858801,0.6106
2015-02-16,BHARTIARTL,EQ,355.0,353.0,365.45,352.0,362.0,361.35,362.19,2123212,76899659990000.0,50488,1140536,0.5372
2015-02-18,BHARTIARTL,EQ,361.35,363.05,363.55,350.5,353.0,352.0,352.76,3072179,108375186680000.0,95036,2024932,0.6591
2015-02-19,BHARTIARTL,EQ,352.0,354.95,358.4,350.2,356.0,356.7,354.48,2755381,97673944865000.0,44456,1610514,0.5845
2015-02-20,BHARTIARTL,EQ,356.7,355.0,358.8,348.25,349.65,349.35,351.74,3670043,129091269630000.0,77198,2446501,0.6666
2015-02-23,BHARTIARTL,EQ,349.35,348.0,350.9,345.2,347.0,347.3,347.52,2172758,75507174055000.0,44860,1287483,0.5926
2015-02-24,BHARTIARTL,EQ,347.3,346.1,349.85,340.1,342.45,342.05,342.62,6661135,228222278610000.0,68346,5177803,0.7773000000000001
2015-02-25,BHARTIARTL,EQ,342.05,346.9,350.5,344.65,349.65,348.6,348.18,2598042,90459559180000.0,36412,1485125,0.5716
2015-02-26,BHARTIARTL,EQ,348.6,350.0,352.6,346.25,347.05,349.35,349.96,4120409,144198738485000.0,60895,2874736,0.6977
2015-02-27,BHARTIARTL,EQ,349.35,349.0,358.1,347.35,358.1,355.2,352.4,3344667,117867694759999.98,77070,2237283,0.6689
2015-02-28,BHARTIARTL,EQ,355.2,356.35,360.85,352.1,355.6,356.25,356.43,1530831,54563201004999.99,42897,555656,0.363
2015-03-02,BHARTIARTL,EQ,356.25,356.3,363.0,345.5,348.75,349.05,352.36,4163665,146709540335000.0,76810,2538194,0.6096
2015-03-03,BHARTIARTL,EQ,349.05,350.0,350.6,343.7,348.5,349.25,347.85,2067018,71901964430000.0,35499,937824,0.4537
2015-03-04,BHARTIARTL,EQ,349.25,352.0,358.4,349.3,350.0,351.25,353.43,3329753,117682151875000.0,69294,1728566,0.5191
2015-03-05,BHARTIARTL,EQ,351.25,351.4,351.9,344.05,347.5,347.9,346.97,3496176,121306817090000.02,53464,2230269,0.6379
2015-03-09,BHARTIARTL,EQ,347.9,346.75,346.75,339.1,343.95,343.45,342.9,3446284,118172729565000.02,59615,2256733,0.6548
2015-03-10,BHARTIARTL,EQ,343.45,342.05,382.3,340.75,367.05,367.95,364.2,11622814,423303825935000.0,131189,5607923,0.4825
2015-03-11,BHARTIARTL,EQ,367.95,370.0,394.0,362.25,390.0,389.55,377.68,12904845,487394328535000.06,145322,6794535,0.5265
2015-03-12,BHARTIARTL,EQ,389.55,389.45,399.9,387.05,394.45,397.8,395.67,16593635,656561527530000.0,158727,10053815,0.6059
2015-03-13,BHARTIARTL,EQ,397.8,398.95,402.7,389.4,400.1,400.25,398.81,11404462,454823901405000.0,129158,6101895,0.535
2015-03-16,BHARTIARTL,EQ,400.25,399.9,399.9,386.2,387.4,388.4,393.17,14064935,552984213080000.0,103870,8499037,0.6043000000000001
2015-03-17,BHARTIARTL,EQ,388.4,392.2,392.4,379.0,385.95,386.55,385.95,11859215,457703724100000.0,51045,9485591,0.7998000000000001
2015-03-18,BHARTIARTL,EQ,386.55,385.9,390.3,381.5,382.0,382.25,384.14,4305526,165390344335000.0,67794,2955262,0.6864
2015-03-19,BHARTIARTL,EQ,382.25,383.0,384.95,379.75,381.5,381.95,382.59,4178353,159860625035000.0,51230,2942715,0.7043
2015-03-20,BHARTIARTL,EQ,381.95,381.0,387.8,377.6,380.7,380.25,381.96,6540065,249802650300000.0,78484,5063535,0.7742
2015-03-23,BHARTIARTL,EQ,380.25,384.0,389.9,378.0,384.5,383.25,384.15,3196617,122798608890000.02,40686,1608171,0.5031
2015-03-24,BHARTIARTL,EQ,383.25,381.8,396.5,381.6,395.15,393.85,393.05,7301973,287003834225000.0,58470,5535467,0.7581
2015-03-25,BHARTIARTL,EQ,393.85,387.0,397.45,386.95,396.0,395.0,394.31,10251492,404223749595000.0,85523,8067348,0.7869
2015-03-26,BHARTIARTL,EQ,395.0,390.0,403.5,390.0,400.0,399.65,399.91,11406895,456173022500000.0,104898,8436380,0.7395999999999999
2015-03-27,BHARTIARTL,EQ,399.65,401.0,404.5,371.1,380.25,376.5,386.22,8433322,325715695385000.0,115544,4921574,0.5836
2015-03-30,BHARTIARTL,EQ,376.5,380.0,392.9,377.6,388.15,389.4,388.57,4656455,180937898010000.0,79078,2472124,0.5309
2015-03-31,BHARTIARTL,EQ,389.4,389.05,395.7,385.0,393.95,393.3,391.56,6047311,236786042390000.0,106307,4296255,0.7104
2015-04-01,BHARTIARTL,EQ,393.3,393.3,404.85,393.05,401.0,402.3,401.27,5494883,220494459375000.0,52894,3630411,0.6607
2015-04-06,BHARTIARTL,EQ,402.3,402.3,409.1,398.45,399.7,400.8,403.83,4348717,175613545540000.0,106049,2720542,0.6256
2015-04-07,BHARTIARTL,EQ,400.8,402.0,410.0,396.2,409.35,404.75,400.68,4228563,169429175035000.0,57065,2750963,0.6506000000000001
2015-04-08,BHARTIARTL,EQ,404.75,407.0,422.85,407.0,419.5,419.15,414.62,5761565,238883592200000.0,75608,3215405,0.5581
2015-04-09,BHARTIARTL,EQ,419.15,419.2,420.5,405.25,405.5,407.2,410.22,4665113,191370882495000.0,57610,2956499,0.6337
2015-04-10,BHARTIARTL,EQ,407.2,407.0,413.9,401.5,409.55,411.95,408.94,4599422,188087602365000.0,49286,2730366,0.5936
2015-04-13,BHARTIARTL,EQ,411.95,409.1,427.0,408.0,425.45,425.7,420.54,3882509,163274157755000.0,60885,1953558,0.5032
2015-04-15,BHARTIARTL,EQ,425.7,425.0,425.0,409.15,414.5,415.15,414.56,3500240,145106129090000.0,53134,1348874,0.3854
2015-04-16,BHARTIARTL,EQ,415.15,416.15,422.95,414.45,417.5,418.0,419.2,3091097,129577407295000.0,52543,1349086,0.4364
2015-04-17,BHARTIARTL,EQ,418.0,419.95,424.7,403.9,404.25,405.95,411.45,5556587,228625228290000.0,85725,3636077,0.6544
2015-04-20,BHARTIARTL,EQ,405.95,403.8,407.6,398.75,402.8,402.3,403.21,3282831,132367796465000.02,64980,1850394,0.5637
2015-04-21,BHARTIARTL,EQ,402.3,397.65,409.95,394.0,398.3,398.3,402.65,3889611,156614049475000.0,51266,2267326,0.5829
2015-04-22,BHARTIARTL,EQ,398.3,397.0,401.3,391.2,400.0,399.4,396.92,4199482,166686949410000.0,45795,2753331,0.6556000000000001
2015-04-23,BHARTIARTL,EQ,399.4,401.8,402.9,397.0,400.0,399.85,400.11,5744973,229860264930000.03,75788,4311138,0.7504000000000001
2015-04-24,BHARTIARTL,EQ,399.85,400.0,403.2,394.95,400.0,399.15,399.84,7402536,295983853820000.0,31251,6458916,0.8725
2015-04-27,BHARTIARTL,EQ,399.15,398.95,403.7,384.15,386.15,391.0,399.22,15164337,605395964975000.0,29785,13963402,0.9208
2015-04-28,BHARTIARTL,EQ,391.0,389.0,409.5,383.4,397.35,400.75,393.24,5188517,204034680860000.0,59578,2101281,0.405
2015-04-29,BHARTIARTL,EQ,400.75,394.0,402.5,383.9,385.3,387.35,396.24,11248419,445712454555000.0,151344,7130191,0.6339
2015-04-30,BHARTIARTL,EQ,387.35,387.45,388.0,371.8,382.0,381.1,378.21,8223433,311017555060000.0,118336,5700744,0.6931999999999999
2015-05-04,BHARTIARTL,EQ,381.1,373.6,394.1,373.6,392.6,392.9,385.98,4528827,174805308800000.0,58707,2938106,0.6487999999999999
2015-05-05,BHARTIARTL,EQ,392.9,392.0,392.0,382.5,387.5,387.05,386.06,2442992,94313133750000.0,40209,1342826,0.5497
2015-05-06,BHARTIARTL,EQ,387.05,393.3,405.0,386.0,389.35,390.2,397.34,13587701,539895907660000.06,181817,7615548,0.5605
2015-05-07,BHARTIARTL,EQ,390.2,389.9,400.5,385.35,393.35,393.65,394.94,7914843,312590476315000.0,147202,4697389,0.5935
2015-05-08,BHARTIARTL,EQ,393.65,397.0,400.0,394.1,397.95,397.95,398.11,5742562,228617060494999.97,123872,4035946,0.7028
2015-05-11,BHARTIARTL,EQ,397.95,397.0,402.75,394.7,398.45,396.2,399.19,4325644,172673480675000.0,67221,3288486,0.7602
2015-05-12,BHARTIARTL,EQ,396.2,396.5,399.35,388.95,391.0,391.55,394.73,6246245,246554905869999.97,94600,4643500,0.7434000000000001
2015-05-13,BHARTIARTL,EQ,391.55,396.0,400.0,380.7,382.15,382.55,387.57,5804576,224965514105000.03,108244,3640056,0.6271
2015-05-14,BHARTIARTL,EQ,382.55,382.0,392.2,380.9,386.7,386.0,387.21,4943211,191403910905000.0,121373,2603728,0.5267000000000001
2015-05-15,BHARTIARTL,EQ,386.0,388.0,395.0,387.0,391.6,392.0,391.9,3895796,152675926975000.0,83924,2533537,0.6503
2015-05-18,BHARTIARTL,EQ,392.0,394.0,399.8,392.0,399.1,397.45,396.9,4385982,174081597865000.0,88228,3092473,0.7051000000000001
2015-05-19,BHARTIARTL,EQ,397.45,398.9,405.0,395.1,395.2,398.0,399.73,5446018,217693127360000.0,74277,3822550,0.7019
2015-05-20,BHARTIARTL,EQ,398.0,397.25,403.85,396.85,400.0,400.55,400.74,5088247,203907201820000.0,87821,3538869,0.6955
2015-05-21,BHARTIARTL,EQ,400.55,401.0,402.7,393.5,394.7,396.45,398.86,2549715,101698837275000.0,65608,1509115,0.5919
2015-05-22,BHARTIARTL,EQ,396.45,395.5,398.7,390.65,393.15,394.9,395.12,3235169,127826518925000.0,58494,2157275,0.6668000000000001
2015-05-25,BHARTIARTL,EQ,394.9,394.9,409.0,392.3,399.0,399.9,402.76,5388695,217037212400000.0,76119,3152083,0.5849000000000001
2015-05-26,BHARTIARTL,EQ,399.9,402.0,406.95,398.2,402.0,400.55,401.8,6289299,252701875044999.97,64807,4502214,0.7159000000000001
2015-05-27,BHARTIARTL,EQ,400.55,400.15,413.1,400.15,410.4,408.75,406.91,5060958,205937624550000.0,65039,3494496,0.6905
2015-05-28,BHARTIARTL,EQ,408.75,412.0,412.75,399.95,401.4,403.0,403.82,7227151,291844586190000.0,93309,5013600,0.6937000000000001
2015-05-29,BHARTIARTL,EQ,403.0,402.75,435.0,402.3,413.1,425.6,422.66,67772622,2864458803525000.0,282077,54335942,0.8017000000000001
2015-06-01,BHARTIARTL,EQ,425.6,415.95,420.95,410.2,414.8,416.6,416.52,4260493,177459917480000.0,56657,2340838,0.5494
2015-06-02,BHARTIARTL,EQ,416.6,420.35,424.5,412.75,417.5,418.1,418.42,4289191,179469239820000.0,117181,2055272,0.4792
2015-06-03,BHARTIARTL,EQ,418.1,418.15,423.0,409.2,420.0,420.7,416.73,3654504,152293400985000.0,128659,2032641,0.5562
2015-06-04,BHARTIARTL,EQ,420.7,420.5,424.4,414.0,415.55,416.4,418.7,3272393,137015327775000.0,134194,2003388,0.6122
2015-06-05,BHARTIARTL,EQ,416.4,417.0,422.35,413.8,416.0,415.6,417.67,4981553,208065613435000.0,155689,3527572,0.7081000000000001
2015-06-08,BHARTIARTL,EQ,415.6,417.35,417.9,408.05,411.5,410.55,411.96,2846903,117282291800000.0,63098,1726808,0.6066
2015-06-09,BHARTIARTL,EQ,410.55,412.0,412.0,402.85,407.4,407.95,406.84,2715768,110489318545000.0,42776,1682508,0.6195
2015-06-10,BHARTIARTL,EQ,407.95,409.8,418.55,408.1,414.8,415.05,414.97,3421211,141969971265000.0,65923,2357076,0.6890000000000001
2015-06-11,BHARTIARTL,EQ,415.05,417.1,417.7,409.1,413.0,410.55,412.0,3095236,127522486450000.0,66418,1949078,0.6297
2015-06-12,BHARTIARTL,EQ,410.55,411.1,421.35,407.55,415.45,414.8,413.06,2279478,94157075645000.0,65164,1257620,0.5517000000000001
2015-06-15,BHARTIARTL,EQ,414.8,417.8,418.4,411.6,413.0,413.65,414.43,2347669,97293911705000.0,30074,1440542,0.6136
2015-06-16,BHARTIARTL,EQ,413.65,413.05,415.3,409.15,414.4,414.3,413.51,3862175,159704226585000.0,34056,3021194,0.7823000000000001
2015-06-17,BHARTIARTL,EQ,414.3,415.6,424.5,414.75,421.0,422.3,421.6,4384363,184845628560000.0,54567,3093923,0.7057
2015-06-18,BHARTIARTL,EQ,422.3,418.1,433.45,413.9,425.45,426.45,426.53,6193856,264184769435000.0,81261,3477069,0.5614
2015-06-19,BHARTIARTL,EQ,426.45,426.5,437.3,426.5,432.55,434.0,432.62,3377381,146111192025000.0,56650,1784117,0.5283
2015-06-22,BHARTIARTL,EQ,434.0,434.9,436.0,423.5,423.95,424.5,426.98,3727397,159150776760000.0,68115,2217220,0.5948
2015-06-23,BHARTIARTL,EQ,424.5,428.95,434.2,428.3,431.05,430.3,430.88,5237774,225683324475000.0,78612,3621956,0.6915000000000001
2015-06-24,BHARTIARTL,EQ,430.3,429.0,431.4,423.35,426.5,424.95,426.01,2581489,109972787075000.0,55945,1761144,0.6822
2015-06-25,BHARTIARTL,EQ,424.95,425.5,429.5,422.5,427.0,426.7,426.43,3941835,168090404690000.0,60863,2588276,0.6566
2015-06-26,BHARTIARTL,EQ,426.7,426.4,428.45,417.25,417.55,417.95,420.06,2364501,99324239195000.0,51823,1338371,0.5660000000000001
2015-06-29,BHARTIARTL,EQ,417.95,413.05,416.0,406.0,412.9,413.9,412.56,2879169,118781614150000.0,60426,1646808,0.5720000000000001
2015-06-30,BHARTIARTL,EQ,413.9,417.55,422.0,414.0,420.15,420.05,419.54,4699479,197161742870000.0,47512,2475841,0.5268
2015-07-01,BHARTIARTL,EQ,420.05,423.7,428.45,420.3,424.95,424.45,425.05,2831825,120367435190000.02,66711,1557107,0.5499
2015-07-02,BHARTIARTL,EQ,424.45,428.0,438.15,425.5,431.85,433.15,432.16,4484423,193800978450000.0,89252,2350132,0.5241
2015-07-03,BHARTIARTL,EQ,433.15,433.95,437.8,432.5,434.15,435.1,435.14,3583173,155919750740000.0,62922,2199071,0.6137
2015-07-06,BHARTIARTL,EQ,435.1,430.5,438.2,429.75,433.0,433.1,433.3,2008978,87049291835000.0,29031,975485,0.48560000000000003
2015-07-07,BHARTIARTL,EQ,433.1,433.0,436.1,430.65,431.3,431.85,433.54,1181630,51228895520000.0,32440,564223,0.47750000000000004
2015-07-08,BHARTIARTL,EQ,431.85,428.9,433.0,423.2,429.65,430.3,427.67,2783268,119031880300000.0,75574,1556209,0.5590999999999999
2015-07-09,BHARTIARTL,EQ,430.3,432.35,442.9,430.3,433.0,433.9,437.98,5622296,246246248869999.97,122790,3501040,0.6227
2015-07-10,BHARTIARTL,EQ,433.9,436.0,436.0,417.65,418.8,419.3,421.84,5160538,217690111875000.0,83188,3242490,0.6283
2015-07-13,BHARTIARTL,EQ,419.3,422.0,426.9,419.55,423.1,423.7,423.99,2497585,105895888250000.0,40974,1224582,0.4903
2015-07-14,BHARTIARTL,EQ,423.7,423.7,425.5,421.0,421.0,422.3,423.5,1381107,58489917025000.0,32800,784542,0.5681
2015-07-15,BHARTIARTL,EQ,422.3,422.0,426.8,420.55,422.8,422.95,422.95,2151544,91000441690000.0,37167,1461770,0.6794
2015-07-16,BHARTIARTL,EQ,422.95,425.4,426.4,419.4,423.95,424.65,423.94,2115917,89703053515000.0,69843,1408469,0.6657
2015-07-17,BHARTIARTL,EQ,424.65,425.0,430.0,422.15,425.2,425.85,427.42,3097095,132376381270000.0,63756,2006538,0.6479
2015-07-20,BHARTIARTL,EQ,425.85,425.1,432.5,425.1,428.65,429.45,430.41,2043087,87935985815000.0,37839,1137342,0.5567000000000001
2015-07-21,BHARTIARTL,EQ,429.45,440.0,452.45,433.9,445.0,445.25,446.39,6000291,267848260535000.0,92333,2905150,0.4842
2015-07-22,BHARTIARTL,EQ,445.25,442.5,448.75,437.85,439.75,439.4,441.55,2816791,124375279530000.0,53061,1521272,0.5401
2015-07-23,BHARTIARTL,EQ,439.4,441.0,441.15,430.8,432.4,432.9,433.85,2361270,102442723835000.0,62452,1601510,0.6781999999999999
2015-07-24,BHARTIARTL,EQ,432.9,433.45,438.9,430.15,432.95,433.9,435.63,1943504,84664684765000.0,38713,1175259,0.6047
2015-07-27,BHARTIARTL,EQ,433.9,432.0,433.8,416.5,418.2,417.95,423.1,2312492,97840999795000.0,80258,1231488,0.5325
2015-07-28,BHARTIARTL,EQ,417.95,419.0,425.0,409.1,410.95,410.0,413.94,3186387,131897798850000.0,86205,2198107,0.6898000000000001
2015-07-29,BHARTIARTL,EQ,410.0,411.0,419.95,404.1,417.0,417.65,412.08,3456157,142422947680000.0,40598,2395595,0.6931
2015-07-30,BHARTIARTL,EQ,417.65,417.65,425.95,412.6,416.65,416.95,419.39,3286614,137836177440000.02,38796,1846044,0.5617
2015-07-31,BHARTIARTL,EQ,416.95,418.75,426.15,414.0,419.4,418.8,419.99,2904605,121989231130000.0,49794,1965348,0.6766
2015-08-03,BHARTIARTL,EQ,418.8,420.0,423.0,417.45,419.2,418.9,420.35,1394032,58598526790000.0,28337,718277,0.5153
2015-08-04,BHARTIARTL,EQ,418.9,422.8,426.0,409.2,412.85,413.25,418.3,4611673,192905402945000.0,74753,2129027,0.4617
2015-08-05,BHARTIARTL,EQ,413.25,426.0,427.7,415.75,417.05,417.55,421.49,5522516,232766965230000.03,87870,1733912,0.314
2015-08-06,BHARTIARTL,EQ,417.55,419.95,422.0,414.0,415.0,415.0,417.29,3624150,151232974255000.0,80737,1863152,0.5141
2015-08-07,BHARTIARTL,EQ,415.0,416.0,417.0,410.1,412.8,411.6,412.13,3736249,153983019705000.0,72577,2434098,0.6515000000000001
2015-08-10,BHARTIARTL,EQ,411.6,412.7,415.45,408.5,409.4,410.2,411.73,2683088,110471567075000.0,51256,1842781,0.6868000000000001
2015-08-11,BHARTIARTL,EQ,410.2,411.0,412.0,402.75,405.4,404.85,406.44,2893339,117598027834999.98,47169,1845921,0.638
2015-08-12,BHARTIARTL,EQ,404.85,404.0,405.7,391.3,399.3,398.7,395.79,3745404,148238021895000.0,70682,2351562,0.6279
2015-08-13,BHARTIARTL,EQ,398.7,405.0,414.75,377.15,387.25,384.8,398.34,7094136,282589685955000.0,83196,3322870,0.46840000000000004
2015-08-14,BHARTIARTL,EQ,384.8,390.0,396.8,383.3,396.5,395.1,390.63,3255737,127177307109999.98,45204,1541897,0.4736
2015-08-17,BHARTIARTL,EQ,395.1,396.0,398.65,386.25,391.4,390.2,391.84,1480738,58021065940000.0,24954,574962,0.3883
2015-08-18,BHARTIARTL,EQ,390.2,394.1,395.7,384.25,385.05,385.55,388.22,1763071,68445894210000.0,27260,754370,0.4279
2015-08-19,BHARTIARTL,EQ,385.55,386.0,386.4,372.9,383.5,382.55,380.31,3975219,151182373725000.0,62660,2254602,0.5672
2015-08-20,BHARTIARTL,EQ,382.55,390.0,392.0,373.4,374.15,380.0,385.66,3997053,154149765645000.0,66334,2314579,0.5791
2015-08-21,BHARTIARTL,EQ,380.0,373.9,373.9,358.5,372.0,369.55,368.69,5941186,219045681305000.03,99105,3490982,0.5876
2015-08-24,BHARTIARTL,EQ,369.55,357.25,366.65,337.95,351.9,348.3,356.28,6690120,238356200435000.0,107319,3838133,0.5737
2015-08-25,BHARTIARTL,EQ,348.3,350.55,367.5,332.5,350.05,348.35,345.04,7956259,274524344730000.03,98927,5031906,0.6324000000000001
2015-08-26,BHARTIARTL,EQ,348.35,350.0,350.9,336.5,337.7,339.2,342.19,6868118,235019149130000.03,106487,4436515,0.6459999999999999
2015-08-27,BHARTIARTL,EQ,339.2,347.5,351.1,342.4,349.5,347.3,346.61,7701455,266943763675000.0,82571,5708755,0.7413
2015-08-28,BHARTIARTL,EQ,347.3,356.9,364.85,351.5,362.0,362.5,357.74,6139699,219642874075000.0,60206,4108750,0.6692
2015-08-31,BHARTIARTL,EQ,362.5,365.0,366.0,350.0,354.05,354.3,354.98,7544391,267810207735000.0,58026,4967060,0.6584000000000001
2015-09-01,BHARTIARTL,EQ,354.3,351.0,354.6,343.15,346.55,345.4,346.58,4019136,139296495530000.0,46630,2464413,0.6132
2015-09-02,BHARTIARTL,EQ,345.4,348.0,349.8,339.75,342.95,343.25,343.18,6335896,217432827110000.0,69959,4731444,0.7468000000000001
2015-09-03,BHARTIARTL,EQ,343.25,343.25,347.95,343.25,347.3,346.75,346.7,3312806,114856211840000.02,56473,2275371,0.6868000000000001
2015-09-04,BHARTIARTL,EQ,346.75,345.0,352.65,342.25,350.25,350.0,348.11,4781577,166453387230000.0,52083,3127408,0.6541
2015-09-07,BHARTIARTL,EQ,350.0,349.9,349.9,343.1,347.35,347.1,346.05,2612148,90392565740000.0,42306,1608387,0.6157
2015-09-08,BHARTIARTL,EQ,347.1,349.0,349.45,339.2,347.15,347.75,344.21,2784226,95835940090000.0,41574,1312951,0.47159999999999996
2015-09-09,BHARTIARTL,EQ,347.75,350.0,365.7,348.0,354.0,354.5,355.64,5744863,204310074750000.0,56293,2619655,0.456
2015-09-10,BHARTIARTL,EQ,354.5,352.5,352.5,346.0,351.5,350.45,349.66,3025672,105795949240000.0,39304,1605687,0.5307000000000001
2015-09-11,BHARTIARTL,EQ,350.45,351.8,353.95,346.3,347.5,348.7,350.39,3023220,105929309650000.0,59958,1857213,0.6143
2015-09-14,BHARTIARTL,EQ,348.7,349.9,355.0,346.15,354.0,354.15,351.75,2533452,89113633850000.0,25848,1416122,0.559
2015-09-15,BHARTIARTL,EQ,354.15,354.0,354.0,349.0,351.2,351.0,351.07,2128175,74713361380000.0,24215,1396626,0.6563
2015-09-16,BHARTIARTL,EQ,351.0,351.5,362.1,351.5,358.95,359.5,358.63,2680583,96134479180000.0,41874,1365221,0.5093
2015-09-18,BHARTIARTL,EQ,359.5,360.05,362.95,353.2,356.0,356.9,357.4,6113546,218499758344999.97,78089,4496233,0.7354999999999999
2015-09-21,BHARTIARTL,EQ,356.9,354.0,359.0,351.4,352.8,352.3,353.48,2516964,88968990345000.0,51990,1578115,0.627
2015-09-22,BHARTIARTL,EQ,352.3,355.0,355.0,340.3,340.3,343.8,344.87,4108336,141684823385000.0,74097,2701954,0.6577
2015-09-23,BHARTIARTL,EQ,343.8,340.0,343.0,336.25,338.0,337.9,340.07,3684193,125289259655000.0,50139,2504876,0.6799
2015-09-24,BHARTIARTL,EQ,337.9,337.9,338.6,332.05,332.25,332.95,334.42,8983265,300414741680000.0,79676,6207719,0.691
2015-09-28,BHARTIARTL,EQ,332.95,332.1,335.4,323.4,327.55,327.6,331.48,4772473,158196590200000.0,51139,3161370,0.6624
2015-09-29,BHARTIARTL,EQ,327.6,325.0,326.8,315.6,322.5,322.65,321.39,6422659,206416848720000.0,66501,4122511,0.6419
2015-09-30,BHARTIARTL,EQ,322.65,330.0,338.75,325.0,337.75,337.85,335.82,6535770,219486789665000.0,63595,4475980,0.6848000000000001
2015-10-01,BHARTIARTL,EQ,337.85,339.4,340.45,335.6,339.75,339.45,339.05,4590821,155653556385000.0,28365,3491694,0.7606
2015-10-05,BHARTIARTL,EQ,339.45,341.9,347.45,339.25,346.1,346.25,345.88,5380357,186094209710000.0,73281,4132356,0.768
2015-10-06,BHARTIARTL,EQ,346.25,349.0,350.6,345.6,348.5,348.85,348.79,4155550,144940437765000.0,41867,2848337,0.6854000000000001
2015-10-07,BHARTIARTL,EQ,348.85,348.85,348.95,340.35,343.3,342.65,342.53,3276629,112234570955000.0,43177,2142333,0.6537999999999999
2015-10-08,BHARTIARTL,EQ,342.65,343.5,345.7,336.95,341.0,341.55,340.51,4299231,146393218015000.0,56775,2577702,0.5996
2015-10-09,BHARTIARTL,EQ,341.55,344.0,348.9,343.25,347.5,347.6,345.68,5000251,172849459690000.0,33975,3919434,0.7837999999999999
2015-10-12,BHARTIARTL,EQ,347.6,348.0,352.1,347.6,349.25,349.5,349.54,2200378,76912442005000.0,32120,1341128,0.6095
2015-10-13,BHARTIARTL,EQ,349.5,351.1,351.7,342.85,345.0,345.45,345.92,2334312,80747485895000.0,41389,1428368,0.6119
2015-10-14,BHARTIARTL,EQ,345.45,347.45,350.15,341.9,347.0,346.3,345.79,3121999,107956455520000.0,47324,2242962,0.7184
2015-10-15,BHARTIARTL,EQ,346.3,348.0,353.4,344.0,351.0,351.25,348.62,4969702,173253388965000.0,80040,3025283,0.6087
2015-10-16,BHARTIARTL,EQ,351.25,347.2,352.45,341.0,349.75,349.65,345.79,4144144,143298541375000.0,45458,2499394,0.6031000000000001
2015-10-19,BHARTIARTL,EQ,349.65,353.0,365.65,346.0,363.1,363.7,360.87,3906153,140961279970000.0,59243,1764379,0.45170000000000005
2015-10-20,BHARTIARTL,EQ,363.7,362.85,367.0,359.5,363.0,361.85,362.1,2332512,84459425025000.0,27513,956480,0.41009999999999996
2015-10-21,BHARTIARTL,EQ,361.85,364.05,373.8,363.9,370.35,371.5,369.97,3996821,147868402690000.0,55860,1954542,0.489
2015-10-23,BHARTIARTL,EQ,371.5,374.0,374.7,356.5,357.35,359.1,362.37,4012696,145409477715000.0,64823,2381268,0.5934
2015-10-26,BHARTIARTL,EQ,359.1,365.0,365.25,346.85,352.8,352.2,355.62,6627337,235680601080000.03,75375,2243979,0.3386
2015-10-27,BHARTIARTL,EQ,352.2,351.45,354.7,348.1,352.7,352.65,351.39,2573223,90419829630000.0,31277,1109187,0.43100000000000005
2015-10-28,BHARTIARTL,EQ,352.65,352.3,359.75,351.0,357.35,358.3,357.71,3430973,122730624734999.98,58867,1954324,0.5696
2015-10-29,BHARTIARTL,EQ,358.3,356.5,358.95,349.0,354.8,355.4,353.79,4110592,145427669790000.0,61768,2350994,0.5719
2015-10-30,BHARTIARTL,EQ,355.4,353.0,360.9,344.55,346.0,349.05,354.64,3594643,127480890220000.0,38510,2225729,0.6192000000000001
2015-11-02,BHARTIARTL,EQ,349.05,347.5,351.7,343.65,349.55,350.15,347.3,2574952,89427160560000.0,50028,1695703,0.6585
2015-11-03,BHARTIARTL,EQ,350.15,351.05,353.8,345.9,347.1,347.65,348.06,1505969,52417244765000.0,29674,834591,0.5542
2015-11-04,BHARTIARTL,EQ,347.65,349.0,350.3,343.2,346.0,346.4,346.2,2174205,75271322060000.0,45722,1224186,0.563
2015-11-05,BHARTIARTL,EQ,346.4,343.35,346.0,334.1,334.8,336.55,337.65,3125170,105521561930000.0,53705,2049163,0.6557
2015-11-06,BHARTIARTL,EQ,336.55,333.0,342.15,317.1,340.0,339.2,335.31,3040002,101935306610000.0,38577,1644908,0.5411
2015-11-09,BHARTIARTL,EQ,339.2,334.05,338.6,320.75,334.0,335.25,332.83,3272247,108910449905000.0,44277,1683863,0.5146000000000001
2015-11-10,BHARTIARTL,EQ,335.25,332.65,335.7,327.55,331.0,331.65,331.9,2182752,72445423555000.0,49339,1325824,0.6074
2015-11-11,BHARTIARTL,EQ,331.65,334.0,336.0,330.0,330.0,331.9,332.52,139226,4629583900000.0,2708,50772,0.36469999999999997
2015-11-13,BHARTIARTL,EQ,331.9,325.05,336.0,325.05,335.8,333.9,331.47,2505836,83061361250000.0,54187,1716487,0.685
2015-11-16,BHARTIARTL,EQ,333.9,335.7,339.3,330.5,336.25,335.75,336.24,2431305,81750218945000.0,23243,1610151,0.6623
2015-11-17,BHARTIARTL,EQ,335.75,336.5,337.65,331.0,335.0,334.5,332.97,1958494,65211449195000.01,39249,1117260,0.5705
2015-11-18,BHARTIARTL,EQ,334.5,336.0,342.15,332.45,335.45,333.95,337.17,2241421,75573981305000.0,29948,1113360,0.49670000000000003
2015-11-19,BHARTIARTL,EQ,333.95,335.15,341.0,332.2,339.15,339.55,336.77,1787205,60188169440000.0,31883,995641,0.5571
2015-11-20,BHARTIARTL,EQ,339.55,338.55,344.35,334.0,340.05,341.35,338.59,2087013,70664719385000.0,25888,942419,0.4516
2015-11-23,BHARTIARTL,EQ,341.35,341.6,346.2,336.95,339.0,339.0,341.14,1934436,65992303770000.01,50522,939042,0.4854
2015-11-24,BHARTIARTL,EQ,339.0,339.5,345.7,335.15,342.0,341.55,340.39,2597651,88421538880000.0,46088,1365809,0.5258
2015-11-26,BHARTIARTL,EQ,341.55,342.0,345.65,340.05,342.0,342.15,342.35,7324230,250744238855000.03,59321,4264056,0.5822
2015-11-27,BHARTIARTL,EQ,342.15,343.9,344.75,339.35,342.05,342.2,341.91,1315880,44991347115000.0,15175,581831,0.4422
2015-11-30,BHARTIARTL,EQ,342.2,343.0,344.0,333.2,334.85,334.35,335.2,6408570,214815748025000.0,89167,4912474,0.7665000000000001
2015-12-01,BHARTIARTL,EQ,334.35,335.95,335.95,321.45,323.8,322.75,324.94,8163924,265277056419999.97,117510,5241773,0.6421
2015-12-02,BHARTIARTL,EQ,322.75,325.3,325.55,316.45,323.25,322.9,320.55,6132838,196590636185000.0,53497,2906560,0.4739
2015-12-03,BHARTIARTL,EQ,322.9,322.0,326.5,318.5,320.0,319.55,322.6,3973225,128176600445000.0,44197,2632050,0.6624
2015-12-04,BHARTIARTL,EQ,319.55,318.0,322.5,317.15,321.7,321.3,320.52,2651126,84972744815000.0,26960,1580102,0.596
2015-12-07,BHARTIARTL,EQ,321.3,321.3,324.0,318.65,320.6,320.1,320.07,2420069,77459556670000.0,25320,1631312,0.6741
2015-12-08,BHARTIARTL,EQ,320.1,320.0,320.45,315.1,317.0,317.85,318.21,4137318,131655430634999.98,29704,3342595,0.8079000000000001
2015-12-09,BHARTIARTL,EQ,317.85,317.25,317.5,308.1,312.05,310.85,310.78,4676095,145321692245000.0,52271,3181098,0.6803
2015-12-10,BHARTIARTL,EQ,310.85,313.9,314.45,308.5,313.0,312.65,311.98,2109887,65824609429999.99,38421,1236361,0.5860000000000001
2015-12-11,BHARTIARTL,EQ,312.65,315.0,315.0,307.5,309.8,309.55,310.59,2123322,65948615535000.0,30008,1488335,0.7009000000000001
2015-12-14,BHARTIARTL,EQ,309.55,307.0,311.0,304.15,306.0,306.15,306.41,3448481,105663640095000.0,40215,2184259,0.6334000000000001
2015-12-15,BHARTIARTL,EQ,306.15,306.15,310.0,304.6,309.5,309.2,308.69,2364423,72988264090000.0,52878,1437898,0.6081000000000001
2015-12-16,BHARTIARTL,EQ,309.2,311.0,321.95,309.55,321.75,320.35,318.64,4134516,131744168545000.0,54612,2854178,0.6903
2015-12-17,BHARTIARTL,EQ,320.35,321.0,324.3,320.05,322.0,322.4,322.21,3605149,116161648940000.02,49181,2834919,0.7864
2015-12-18,BHARTIARTL,EQ,322.4,322.3,323.4,318.0,321.0,319.05,319.74,4095659,130953011059999.98,37559,3158710,0.7712000000000001
2015-12-21,BHARTIARTL,EQ,319.05,319.45,323.25,317.0,320.7,320.9,320.16,2978983,95375563170000.0,29330,2055157,0.6899
2015-12-22,BHARTIARTL,EQ,320.9,321.0,327.3,320.2,323.0,323.2,324.25,3339358,108278183345000.0,41340,2275352,0.6814
2015-12-23,BHARTIARTL,EQ,323.2,326.0,332.85,324.2,332.45,332.35,329.65,3587112,118248213475000.0,45773,2526627,0.7044
2015-12-24,BHARTIARTL,EQ,332.35,332.25,339.75,328.65,337.75,338.45,335.17,2576348,86352409915000.0,46952,1697121,0.6587000000000001
2015-12-28,BHARTIARTL,EQ,338.45,337.25,338.0,330.0,330.55,331.75,332.71,3007130,100051101625000.0,22959,2162644,0.7192000000000001
2015-12-29,BHARTIARTL,EQ,331.75,332.9,336.25,330.5,335.0,335.25,334.47,2513363,84065689240000.0,30798,1623393,0.6459
2015-12-30,BHARTIARTL,EQ,335.25,339.0,339.35,332.05,332.1,333.1,335.54,1555673,52198901700000.0,16626,807264,0.5189
2015-12-31,BHARTIARTL,EQ,333.1,334.0,341.75,332.45,338.0,340.4,338.27,2952266,99865557080000.0,28762,1711228,0.5796
2016-01-01,BHARTIARTL,EQ,340.4,339.95,344.0,337.65,339.1,340.5,341.08,1250268,42643693125000.0,15479,237766,0.1902
2016-01-04,BHARTIARTL,EQ,340.5,338.0,338.95,321.0,327.05,326.8,328.57,3152751,103590940955000.0,50468,1468377,0.4657
2016-01-05,BHARTIARTL,EQ,326.8,327.0,328.75,321.0,323.65,323.45,323.6,2118958,68569486745000.01,37635,1109647,0.5236999999999999
2016-01-06,BHARTIARTL,EQ,323.45,325.9,332.5,319.65,321.25,322.2,327.09,2414140,78962979225000.0,45941,903445,0.37420000000000003
2016-01-07,BHARTIARTL,EQ,322.2,320.9,325.8,316.6,319.0,322.35,321.51,2825774,90851729490000.0,35423,840285,0.2974
2016-01-08,BHARTIARTL,EQ,322.35,324.3,324.95,318.5,324.15,323.85,322.17,1801868,58050470110000.0,36723,889099,0.49340000000000006
2016-01-11,BHARTIARTL,EQ,323.85,321.0,324.0,314.7,322.0,321.15,319.5,2519730,80506295970000.0,37151,1439988,0.5715
2016-01-12,BHARTIARTL,EQ,321.15,322.0,325.45,313.6,316.0,315.4,316.11,2940261,92945406700000.0,46574,1897072,0.6452
2016-01-13,BHARTIARTL,EQ,315.4,321.0,322.55,302.05,309.0,308.6,311.17,4546017,141458717545000.0,53612,2433309,0.5353
2016-01-14,BHARTIARTL,EQ,308.6,306.9,312.0,300.5,309.0,308.75,306.48,3274522,100356949865000.0,54535,1869612,0.5710000000000001
2016-01-15,BHARTIARTL,EQ,308.75,311.7,311.7,303.1,307.9,306.1,306.0,3219918,98529263520000.0,35851,2258757,0.7015000000000001
2016-01-18,BHARTIARTL,EQ,306.1,307.8,308.7,293.85,300.95,300.25,300.53,4122977,123909592875000.0,58356,2424497,0.588
2016-01-19,BHARTIARTL,EQ,300.25,301.8,312.4,298.4,311.0,310.3,306.85,3341662,102538393020000.0,49374,1934530,0.5789
2016-01-20,BHARTIARTL,EQ,310.3,308.5,313.85,302.8,310.85,309.6,307.34,5073820,155939119265000.0,47740,3220674,0.6348
2016-01-21,BHARTIARTL,EQ,309.6,313.0,313.4,303.65,309.0,309.3,307.64,3084225,94881976765000.0,38647,1690724,0.5482
2016-01-22,BHARTIARTL,EQ,309.3,311.1,311.2,291.55,299.4,298.7,297.66,5321085,158388853390000.0,86447,2609307,0.4904
2016-01-25,BHARTIARTL,EQ,298.7,299.85,300.95,292.55,297.3,297.5,296.65,3136094,93033463505000.0,53165,1385799,0.44189999999999996
2016-01-27,BHARTIARTL,EQ,297.5,297.5,299.5,291.8,293.8,297.8,296.89,5087567,151043391385000.0,47615,3501484,0.6881999999999999
2016-01-28,BHARTIARTL,EQ,297.8,294.3,295.85,288.35,289.0,291.4,292.19,6381357,186454389345000.0,44964,4091546,0.6412000000000001
2016-01-29,BHARTIARTL,EQ,291.4,289.4,297.3,282.3,293.0,289.9,287.82,6645497,191273812305000.0,81872,3560571,0.5357999999999999
2016-02-01,BHARTIARTL,EQ,289.9,292.2,298.0,291.2,297.0,296.6,294.88,3988413,117608533240000.02,52659,2480705,0.622
2016-02-02,BHARTIARTL,EQ,296.6,296.6,304.0,295.7,302.3,302.2,302.03,4333890,130894677950000.0,46332,3007937,0.6940999999999999
2016-02-03,BHARTIARTL,EQ,302.2,300.7,301.8,296.15,300.4,299.8,298.55,4716217,140804804105000.0,40356,3492051,0.7404000000000001
2016-02-04,BHARTIARTL,EQ,299.8,303.8,305.8,301.6,303.55,304.25,303.66,3074313,93353966395000.0,24969,2026529,0.6592
2016-02-05,BHARTIARTL,EQ,304.25,302.1,308.5,302.05,307.0,307.2,305.91,2385945,72988931005000.0,30078,1492624,0.6256
2016-02-08,BHARTIARTL,EQ,307.2,308.35,313.5,305.6,312.4,311.0,311.01,2481260,77169048925000.0,22405,1554233,0.6264000000000001
2016-02-09,BHARTIARTL,EQ,311.0,309.0,313.95,307.0,313.25,312.25,311.68,2835306,88371991120000.0,50937,1598288,0.5637
2016-02-10,BHARTIARTL,EQ,312.25,311.0,314.95,308.5,311.5,311.3,310.77,9174821,285123721555000.0,37374,7877676,0.8586
2016-02-11,BHARTIARTL,EQ,311.3,305.0,315.5,304.45,312.0,308.7,310.78,5876839,182642385705000.0,53365,4092322,0.6962999999999999
2016-02-12,BHARTIARTL,EQ,308.7,312.5,330.0,307.5,327.15,324.55,316.74,3649561,115596794315000.02,63310,1636203,0.4483
2016-02-15,BHARTIARTL,EQ,324.55,328.55,329.9,316.45,318.7,318.9,319.83,5061087,161866763620000.0,57288,2823803,0.5579
2016-02-16,BHARTIARTL,EQ,318.9,322.35,324.9,313.75,316.0,315.3,319.67,2623523,83865946115000.0,29074,1485521,0.5662
2016-02-17,BHARTIARTL,EQ,315.3,313.5,321.6,308.6,320.25,319.55,313.34,3582126,112242818455000.0,35549,2202463,0.6148
2016-02-18,BHARTIARTL,EQ,319.55,323.0,323.1,316.05,322.0,321.2,319.16,2315365,73896924085000.0,22198,1322869,0.5713
2016-02-19,BHARTIARTL,EQ,321.2,320.5,327.95,316.75,325.05,326.05,325.14,5373117,174702957500000.0,51331,4298984,0.8001
2016-02-22,BHARTIARTL,EQ,326.05,324.5,334.9,322.0,328.3,329.1,330.15,3113993,102807138225000.0,37254,2070057,0.6648000000000001
2016-02-23,BHARTIARTL,EQ,329.1,333.0,333.0,318.1,322.9,321.3,324.98,4900675,159259916815000.0,71210,3395909,0.6929000000000001
2016-02-24,BHARTIARTL,EQ,321.3,318.15,325.55,317.65,323.2,323.95,322.46,2274192,73334107435000.0,32974,1307216,0.5748
2016-02-25,BHARTIARTL,EQ,323.95,324.95,325.45,318.0,321.75,322.55,321.89,8613286,277250249585000.0,49204,6858103,0.7962
2016-02-26,BHARTIARTL,EQ,322.55,324.85,324.85,317.0,318.0,317.95,319.13,6367019,203189750510000.0,44513,5284826,0.8300000000000001
2016-02-29,BHARTIARTL,EQ,317.95,317.0,322.35,313.05,316.7,315.5,316.58,3594778,113802631280000.0,50007,2038671,0.5671
2016-03-01,BHARTIARTL,EQ,315.5,315.55,322.3,310.25,319.6,320.7,318.94,4353551,138851877100000.0,35892,3399763,0.7809
2016-03-02,BHARTIARTL,EQ,320.7,322.0,327.75,321.0,327.4,326.35,323.94,2964861,96042325285000.0,43715,1786376,0.6025
2016-03-03,BHARTIARTL,EQ,326.35,328.4,334.95,324.0,333.3,333.4,332.01,2942607,97698741120000.0,35504,1722775,0.5855
2016-03-04,BHARTIARTL,EQ,333.4,332.0,336.65,327.1,331.7,329.25,331.27,1953836,64724906379999.99,36041,799422,0.4092
2016-03-08,BHARTIARTL,EQ,329.25,329.5,334.0,326.75,332.2,331.5,330.7,2157320,71342113260000.0,31213,1452124,0.6731
2016-03-09,BHARTIARTL,EQ,331.5,329.05,335.85,328.3,335.0,334.6,332.73,3091469,102862903530000.0,25181,2395399,0.7748
2016-03-10,BHARTIARTL,EQ,334.6,332.05,338.7,331.0,338.7,336.3,333.56,1656083,55239665129999.99,15352,983258,0.5937
2016-03-11,BHARTIARTL,EQ,336.3,335.0,338.8,334.0,337.25,337.25,335.74,2720156,91326015000000.0,27916,2018362,0.742
2016-03-14,BHARTIARTL,EQ,337.25,335.15,342.0,331.8,340.8,340.75,337.49,2373050,80088655605000.0,34632,1409494,0.594
2016-03-15,BHARTIARTL,EQ,340.75,340.0,344.5,336.0,343.7,342.9,342.28,2081414,71243152305000.0,32344,1223839,0.588
2016-03-16,BHARTIARTL,EQ,342.9,341.25,344.8,335.4,340.0,338.5,338.61,3931205,133114180465000.02,34767,3007510,0.765
2016-03-17,BHARTIARTL,EQ,338.5,341.3,351.7,338.05,342.75,340.75,346.99,6449118,223774930869999.97,55911,4313541,0.6689
2016-03-18,BHARTIARTL,EQ,340.75,345.8,348.25,340.05,345.0,344.3,343.6,3561683,122380022065000.02,32093,2259654,0.6344
2016-03-21,BHARTIARTL,EQ,344.3,345.0,355.0,343.2,351.0,353.65,352.16,2535611,89293051060000.0,46147,1381103,0.5447
2016-03-22,BHARTIARTL,EQ,353.65,354.9,356.7,344.65,351.3,350.9,349.08,3988349,139225194550000.0,62010,2068707,0.5186999999999999
2016-03-23,BHARTIARTL,EQ,350.9,352.0,361.4,352.0,355.65,358.2,358.28,4611410,165215681025000.0,71214,3063723,0.6644
2016-03-28,BHARTIARTL,EQ,358.2,358.9,361.0,346.85,351.15,349.8,352.33,4173356,147038791910000.0,69139,3006375,0.7204
2016-03-29,BHARTIARTL,EQ,349.8,347.0,357.75,346.05,353.6,354.5,352.04,3671058,129236025415000.02,48768,2498513,0.6806
2016-03-30,BHARTIARTL,EQ,354.5,355.0,359.25,351.1,352.9,353.8,354.04,3811564,134945321020000.0,78292,2566409,0.6733
2016-03-31,BHARTIARTL,EQ,353.8,353.5,356.65,346.55,349.4,350.8,351.93,7144216,251427718015000.0,64084,5225460,0.7314
2016-04-01,BHARTIARTL,EQ,350.8,350.2,350.2,332.2,335.95,335.45,336.75,4071134,137094759850000.0,85387,1899175,0.46649999999999997
2016-04-04,BHARTIARTL,EQ,335.45,335.55,350.9,335.55,348.95,348.5,343.74,3095605,106407204060000.0,41393,1144824,0.36979999999999996
2016-04-05,BHARTIARTL,EQ,348.5,346.5,346.5,329.05,330.3,330.5,334.13,4767509,159296064830000.0,54080,2852467,0.5982999999999999
2016-04-06,BHARTIARTL,EQ,330.5,333.45,339.55,331.55,335.0,334.5,335.54,2737206,91843663800000.0,45425,1331170,0.4863
2016-04-07,BHARTIARTL,EQ,334.5,336.1,336.3,329.25,331.0,331.25,331.74,2177209,72227390130000.0,27247,1199311,0.5508
2016-04-08,BHARTIARTL,EQ,331.25,331.95,337.4,325.6,335.0,334.6,330.7,2090508,69133787940000.0,35889,741622,0.35479999999999995
2016-04-11,BHARTIARTL,EQ,334.6,341.45,350.0,341.0,347.4,348.25,346.62,4077524,141334065335000.0,47532,1646424,0.40380000000000005
2016-04-12,BHARTIARTL,EQ,348.25,348.2,352.5,344.15,350.0,350.1,349.15,2784511,97222106575000.0,43756,1450489,0.5209
2016-04-13,BHARTIARTL,EQ,350.1,351.05,364.5,349.6,351.2,351.25,354.88,5961256,211554602185000.0,83133,3436509,0.5765
2016-04-18,BHARTIARTL,EQ,351.25,355.05,363.0,352.2,360.0,359.4,356.29,2549108,90823152570000.0,36344,1476429,0.5792
2016-04-20,BHARTIARTL,EQ,359.4,364.0,364.35,354.1,357.1,356.65,358.19,2929869,104945736730000.0,61554,1495307,0.5104
2016-04-21,BHARTIARTL,EQ,356.65,357.85,359.0,351.0,356.05,357.25,354.15,1999186,70801159110000.0,44938,1086038,0.5432
2016-04-22,BHARTIARTL,EQ,357.25,351.0,357.95,349.75,353.5,353.1,353.75,1315980,46553190405000.0,20155,520018,0.39520000000000005
2016-04-25,BHARTIARTL,EQ,353.1,354.3,364.0,354.3,358.95,358.95,359.88,3092288,111283787475000.0,36678,1565536,0.5063000000000001
2016-04-26,BHARTIARTL,EQ,358.95,357.45,363.8,355.4,361.1,360.4,359.86,2348466,84511567080000.0,38494,1274496,0.5427000000000001
2016-04-27,BHARTIARTL,EQ,360.4,365.0,381.4,362.15,373.95,373.05,373.71,7767551,290282405640000.0,104635,2856050,0.3677
2016-04-28,BHARTIARTL,EQ,373.05,383.45,385.0,370.5,371.85,372.7,376.55,9027610,339931114950000.0,120542,4620754,0.5118
2016-04-29,BHARTIARTL,EQ,372.7,371.85,372.6,360.5,364.1,363.6,364.58,4876927,177802008435000.0,67395,3127971,0.6414
2016-05-02,BHARTIARTL,EQ,363.6,363.0,364.5,356.4,358.0,357.8,358.77,1572749,56426057365000.0,18097,702090,0.4464
2016-05-03,BHARTIARTL,EQ,357.8,358.0,370.5,358.0,366.0,368.35,366.7,3919783,143740218965000.0,48154,1860239,0.4746
2016-05-04,BHARTIARTL,EQ,368.35,365.95,369.25,359.3,361.2,361.45,363.16,1697313,61639589210000.0,31367,546902,0.3222
2016-05-05,BHARTIARTL,EQ,361.45,362.5,366.0,351.65,354.85,354.4,357.03,2140529,76423893335000.0,40578,813411,0.38
2016-05-06,BHARTIARTL,EQ,354.4,357.0,364.45,354.4,359.5,359.1,359.83,2880488,103647288835000.0,34180,1395615,0.48450000000000004
2016-05-09,BHARTIARTL,EQ,359.1,360.25,367.9,358.2,367.5,366.8,363.78,1866271,67891590940000.0,21193,989676,0.5303
2016-05-10,BHARTIARTL,EQ,366.8,367.5,369.3,360.35,369.0,368.85,365.96,2642844,96717257500000.0,42502,1594256,0.6032000000000001
2016-05-11,BHARTIARTL,EQ,368.85,364.5,377.45,357.0,359.15,358.9,365.71,4791361,175226707705000.0,54418,1327357,0.277
2016-05-12,BHARTIARTL,EQ,358.9,363.0,363.55,355.7,362.7,362.1,360.62,2905943,104793734330000.0,55809,1436057,0.49420000000000003
2016-05-13,BHARTIARTL,EQ,362.1,362.0,362.0,353.0,355.5,354.9,355.16,3610466,128231009350000.0,34729,2087126,0.5781000000000001
2016-05-16,BHARTIARTL,EQ,354.9,355.0,356.15,342.85,355.2,353.45,348.65,2700321,94146626125000.0,34783,1160526,0.42979999999999996
2016-05-17,BHARTIARTL,EQ,353.45,356.0,359.0,348.6,351.55,351.2,353.09,2478092,87499305780000.0,33371,1239389,0.5001
2016-05-18,BHARTIARTL,EQ,351.2,350.0,352.6,347.25,350.95,351.25,349.9,2182531,76366472885000.0,32299,1192012,0.5462
2016-05-19,BHARTIARTL,EQ,351.25,351.25,352.8,343.4,345.0,344.8,346.19,2470460,85524107160000.0,28743,1520380,0.6154000000000001
2016-05-20,BHARTIARTL,EQ,344.8,345.9,346.5,339.3,342.15,341.95,342.53,3784752,129639977015000.02,38775,2109975,0.5575
2016-05-23,BHARTIARTL,EQ,341.95,346.7,348.75,341.5,346.0,345.85,345.84,1660748,57436060665000.0,24063,892400,0.5373
2016-05-24,BHARTIARTL,EQ,345.85,345.9,346.95,341.8,345.6,345.15,344.46,2067119,71204721105000.0,32899,1332060,0.6444
2016-05-25,BHARTIARTL,EQ,345.15,347.1,352.5,347.0,351.7,351.65,350.73,1944422,68196866120000.01,32084,1210646,0.6226
2016-05-26,BHARTIARTL,EQ,351.65,352.0,356.0,347.75,350.75,352.85,353.24,4752719,167883333755000.0,56604,3703237,0.7792
2016-05-27,BHARTIARTL,EQ,352.85,352.95,357.6,349.55,353.0,351.25,353.35,2772151,97953341475000.0,57798,1899926,0.6854000000000001
2016-05-30,BHARTIARTL,EQ,351.25,353.1,357.2,352.25,356.3,355.9,355.01,2564704,91050146085000.0,33764,2035770,0.7938
2016-05-31,BHARTIARTL,EQ,355.9,356.9,357.0,347.15,354.1,351.4,351.56,21884214,769365150575000.0,127062,19361145,0.8847
2016-06-01,BHARTIARTL,EQ,351.4,353.55,364.35,352.3,363.95,363.25,359.33,2777337,99798358595000.0,31303,1675614,0.6033
2016-06-02,BHARTIARTL,EQ,363.25,361.35,368.0,359.8,365.5,366.2,365.34,2347471,85762530345000.0,56006,1357242,0.5782
2016-06-03,BHARTIARTL,EQ,366.2,365.0,365.7,355.35,356.95,358.15,359.5,3314283,119146983330000.0,36309,2165579,0.6534000000000001
2016-06-06,BHARTIARTL,EQ,358.15,357.0,359.05,347.2,348.6,348.75,351.32,4744743,166694635840000.0,48532,3612600,0.7614000000000001
2016-06-07,BHARTIARTL,EQ,348.75,348.75,352.1,347.3,349.55,349.15,349.68,4022603,140661279925000.0,64414,3120003,0.7756000000000001
2016-06-08,BHARTIARTL,EQ,349.15,355.6,358.25,351.6,352.5,352.65,355.11,2391937,84940954330000.0,44840,1100102,0.45990000000000003
2016-06-09,BHARTIARTL,EQ,352.65,355.5,356.4,349.8,350.5,351.25,352.65,1396930,49263219080000.0,21293,733019,0.5246999999999999
2016-06-10,BHARTIARTL,EQ,351.25,349.7,353.55,347.6,351.0,351.1,351.24,1965285,69027833829999.99,31313,1170615,0.5956
2016-06-13,BHARTIARTL,EQ,351.1,348.3,350.5,341.55,342.05,342.4,345.06,1965043,67806076110000.0,47109,1283048,0.6529
2016-06-14,BHARTIARTL,EQ,342.4,343.2,344.5,337.35,342.65,342.65,340.6,3026950,103097879495000.0,46706,2020885,0.6676000000000001
2016-06-15,BHARTIARTL,EQ,342.65,348.0,352.85,347.0,351.55,351.9,351.21,2937711,103174594370000.0,31131,1749346,0.5955
2016-06-16,BHARTIARTL,EQ,351.9,351.55,351.95,341.25,346.05,346.5,345.45,2355893,81384242420000.0,38113,1247535,0.5295000000000001
2016-06-17,BHARTIARTL,EQ,346.5,348.0,358.9,344.45,357.8,357.0,353.09,5039991,177955149220000.0,70350,3610265,0.7162999999999999
2016-06-20,BHARTIARTL,EQ,357.0,356.0,366.0,353.8,363.5,364.5,361.62,2889376,104485398405000.0,41444,1782610,0.617
2016-06-21,BHARTIARTL,EQ,364.5,362.25,364.7,360.15,362.35,362.2,362.31,1455994,52752294750000.0,29416,801666,0.5506000000000001
2016-06-22,BHARTIARTL,EQ,362.2,363.95,367.0,360.85,362.65,363.05,364.23,2162737,78773245465000.0,36738,1146198,0.53
2016-06-23,BHARTIARTL,EQ,363.05,364.7,365.75,362.0,364.55,364.8,363.71,1266933,46079343625000.0,22991,647784,0.5113000000000001
2016-06-24,BHARTIARTL,EQ,364.8,357.0,360.0,348.7,354.5,355.85,353.24,2203750,77844886810000.0,49819,1091991,0.4955
2016-06-27,BHARTIARTL,EQ,355.85,354.0,357.95,349.75,351.0,351.15,351.83,2430919,85527191065000.0,41696,1218325,0.5012
2016-06-28,BHARTIARTL,EQ,351.15,352.35,358.5,351.8,357.1,357.1,356.64,3191711,113830344840000.02,67189,1823475,0.5713
2016-06-29,BHARTIARTL,EQ,357.1,358.5,360.3,354.25,355.85,356.2,357.4,2225253,79530476495000.0,39192,1532192,0.6885
2016-06-30,BHARTIARTL,EQ,356.2,358.0,370.0,355.45,364.0,366.8,363.65,3674149,133609111790000.02,45742,2285070,0.6219
2016-07-01,BHARTIARTL,EQ,366.8,365.8,372.85,362.65,367.0,368.35,369.79,2620663,96908376305000.0,38208,1552894,0.5926
2016-07-04,BHARTIARTL,EQ,368.35,370.55,375.9,368.9,374.0,373.35,373.1,1672423,62398787650000.0,25448,925575,0.5534
2016-07-05,BHARTIARTL,EQ,373.35,374.0,374.0,363.6,365.65,365.9,366.9,1405904,51582474675000.0,37654,635828,0.4523
2016-07-07,BHARTIARTL,EQ,365.9,365.0,371.3,362.65,363.05,363.35,367.81,2348712,86387516010000.0,59402,1424406,0.6065
2016-07-08,BHARTIARTL,EQ,363.35,360.75,362.25,353.0,355.0,355.05,355.12,1574377,55908622585000.0,40395,717629,0.4558
2016-07-11,BHARTIARTL,EQ,355.05,365.9,365.9,358.05,360.5,359.85,361.22,2196825,79354106995000.0,21037,1014349,0.4617
2016-07-12,BHARTIARTL,EQ,359.85,362.4,364.5,360.0,363.8,363.3,362.6,1201581,43569727570000.0,22658,579665,0.48240000000000005
2016-07-13,BHARTIARTL,EQ,363.3,365.9,365.95,359.1,363.9,363.7,362.14,1450574,52531690490000.0,29852,826376,0.5697
2016-07-14,BHARTIARTL,EQ,363.7,363.6,367.7,361.85,366.8,366.95,366.06,989099,36207300360000.0,16608,420375,0.425
2016-07-15,BHARTIARTL,EQ,366.95,365.4,379.95,365.4,378.75,378.9,374.59,2536815,95026732730000.0,40994,1277472,0.5036
2016-07-18,BHARTIARTL,EQ,378.9,379.7,380.0,361.05,362.55,362.65,369.78,3238034,119737127475000.0,49503,1277402,0.3945
2016-07-19,BHARTIARTL,EQ,362.65,359.05,368.2,357.6,365.3,364.3,363.55,3201786,116400374470000.0,83128,1623480,0.5071
2016-07-20,BHARTIARTL,EQ,364.3,364.2,366.95,361.35,364.0,363.4,363.52,2564180,93212644765000.0,42631,1258821,0.49090000000000006
2016-07-21,BHARTIARTL,EQ,363.4,365.9,369.7,362.5,367.0,367.85,366.95,1981372,72707398695000.0,38337,1202404,0.6069
2016-07-22,BHARTIARTL,EQ,367.85,368.0,369.8,364.1,367.65,367.35,367.46,2307181,84778954750000.0,36797,1288391,0.5584
2016-07-25,BHARTIARTL,EQ,367.35,364.0,372.8,363.1,371.65,371.95,369.47,1668016,61627739554999.99,41676,932367,0.559
2016-07-26,BHARTIARTL,EQ,371.95,370.0,372.95,366.85,370.7,369.85,369.16,1678667,61970282135000.0,24783,976849,0.5819
2016-07-27,BHARTIARTL,EQ,369.85,370.7,377.25,368.4,372.5,372.55,372.72,2337156,87109630040000.0,28596,1010976,0.4326
2016-07-28,BHARTIARTL,EQ,372.55,381.8,381.8,363.6,370.5,371.9,371.46,7405226,275071319440000.0,92532,3727318,0.5033
2016-07-29,BHARTIARTL,EQ,371.9,371.9,371.9,360.45,361.45,362.05,363.9,3765474,137024488650000.0,50222,2694013,0.7155
2016-08-01,BHARTIARTL,EQ,362.05,363.45,367.0,362.1,363.0,364.0,364.27,1599986,58282516690000.0,25285,808421,0.5053
2016-08-02,BHARTIARTL,EQ,364.0,361.9,364.8,355.65,357.4,357.8,361.3,3206029,115835316200000.0,47677,1989071,0.6204
2016-08-03,BHARTIARTL,EQ,357.8,359.15,360.4,353.25,358.5,358.85,357.06,2245459,80175431885000.0,31687,1295704,0.5770000000000001
2016-08-04,BHARTIARTL,EQ,358.85,359.8,368.75,353.05,364.5,366.25,361.64,2975193,107595537170000.0,62908,1661898,0.5586
2016-08-05,BHARTIARTL,EQ,366.25,367.2,371.5,359.55,363.5,364.0,365.78,3838729,140412755340000.02,76914,2036088,0.5304
2016-08-08,BHARTIARTL,EQ,364.0,363.0,364.9,349.3,350.8,351.55,353.99,4841846,171394771775000.0,63638,3354898,0.6929000000000001
2016-08-09,BHARTIARTL,EQ,351.55,352.9,355.05,344.75,349.4,349.45,350.15,5168298,180968973955000.0,59664,3302957,0.6391
2016-08-10,BHARTIARTL,EQ,349.45,351.0,353.4,345.0,346.0,346.45,349.14,1535903,53624841840000.0,29120,626317,0.4078
2016-08-11,BHARTIARTL,EQ,346.45,346.25,346.75,342.0,345.0,346.35,344.41,2485709,85609243640000.0,45740,1535380,0.6177
2016-08-12,BHARTIARTL,EQ,346.35,344.25,349.0,344.1,347.75,347.8,346.64,2356815,81697262480000.0,46309,1328315,0.5636
2016-08-16,BHARTIARTL,EQ,347.8,348.5,351.35,339.7,342.6,342.45,343.74,3742897,128659529000000.0,80890,2434906,0.6505
2016-08-17,BHARTIARTL,EQ,342.45,343.5,349.5,343.5,345.9,345.65,346.75,3222433,111737768330000.0,82388,1901181,0.59
2016-08-18,BHARTIARTL,EQ,345.65,348.4,353.9,346.85,353.05,353.15,351.35,1886760,66291148960000.0,37826,921730,0.48850000000000005
2016-08-19,BHARTIARTL,EQ,353.15,354.0,355.0,347.3,350.3,351.4,350.14,1708149,59809767340000.0,32424,715963,0.4191
2016-08-22,BHARTIARTL,EQ,351.4,351.0,353.0,346.1,350.8,350.2,349.58,886465,30989178745000.0,17935,344630,0.38880000000000003
2016-08-23,BHARTIARTL,EQ,350.2,348.0,355.4,344.7,354.95,353.75,350.18,2295101,80369544005000.0,42105,1319563,0.5749000000000001
2016-08-24,BHARTIARTL,EQ,353.75,354.0,358.35,350.0,352.25,352.6,353.66,1631250,57690969950000.0,55013,665592,0.408
2016-08-25,BHARTIARTL,EQ,352.6,351.25,354.0,344.1,350.3,346.0,347.15,3229352,112106179850000.0,30921,1953365,0.6049
2016-08-26,BHARTIARTL,EQ,346.0,347.5,348.1,341.55,343.6,343.95,344.08,1127246,38786391045000.0,28400,482162,0.4277
2016-08-29,BHARTIARTL,EQ,343.95,343.5,347.75,335.25,340.9,342.6,341.77,2549031,87118536195000.0,48255,1093603,0.429
2016-08-30,BHARTIARTL,EQ,342.6,342.75,344.1,328.75,332.05,331.85,333.42,4044189,134840856205000.0,78131,1715786,0.4243
2016-08-31,BHARTIARTL,EQ,331.85,332.25,336.9,328.85,333.0,331.65,332.16,6401848,212645077555000.0,85057,4584702,0.7162000000000001
2016-09-01,BHARTIARTL,EQ,331.65,330.0,332.35,301.5,310.15,310.85,311.35,35411027,1102535811725000.0,233077,17244629,0.48700000000000004
2016-09-02,BHARTIARTL,EQ,310.85,308.15,320.95,306.5,317.25,318.9,314.14,15330612,481590758610000.06,172371,5520880,0.3601
2016-09-06,BHARTIARTL,EQ,318.9,318.9,322.8,312.65,320.9,321.5,317.88,7067529,224659466775000.0,73713,2964319,0.4194
2016-09-07,BHARTIARTL,EQ,321.5,318.5,322.4,316.1,319.15,320.15,319.22,3414495,108997221525000.0,43006,1593806,0.4668
2016-09-08,BHARTIARTL,EQ,320.15,320.15,327.2,319.0,324.45,324.4,323.51,3442329,111362026415000.02,62380,1812548,0.5265
2016-09-09,BHARTIARTL,EQ,324.4,323.5,326.75,318.35,320.35,322.1,322.43,2956745,95333043355000.0,46211,1308475,0.4425
2016-09-12,BHARTIARTL,EQ,322.1,317.9,321.95,314.1,317.8,318.05,318.57,3149855,100343598615000.0,63997,1767171,0.561
2016-09-14,BHARTIARTL,EQ,318.05,317.1,323.25,317.1,319.9,319.85,320.17,2004656,64182135900000.0,49270,1254451,0.6258
2016-09-15,BHARTIARTL,EQ,319.85,319.05,325.0,316.9,321.55,322.7,321.35,2074012,66648082015000.0,45157,940330,0.4534
2016-09-16,BHARTIARTL,EQ,322.7,322.1,326.5,321.1,322.75,323.6,323.66,3230892,104570078375000.0,37503,2356719,0.7293999999999999
2016-09-19,BHARTIARTL,EQ,323.6,323.0,325.0,321.05,324.0,324.15,323.38,1529681,49466461090000.0,30675,661090,0.4322
2016-09-20,BHARTIARTL,EQ,324.15,324.0,324.0,317.7,319.7,319.2,319.73,2739997,87606139710000.0,41281,1598052,0.5832
2016-09-21,BHARTIARTL,EQ,319.2,320.4,323.0,318.8,322.0,321.85,320.91,1663305,53377297505000.0,26479,645016,0.38780000000000003
2016-09-22,BHARTIARTL,EQ,321.85,323.6,327.95,322.65,326.0,327.0,325.69,1480515,48218425850000.0,25057,497314,0.33590000000000003
2016-09-23,BHARTIARTL,EQ,327.0,326.0,330.0,324.0,326.9,326.95,327.99,2135834,70052723320000.01,40056,1177247,0.5512
2016-09-26,BHARTIARTL,EQ,326.95,326.0,328.7,319.1,319.65,320.35,321.1,2155103,69200753029999.99,41713,938922,0.43570000000000003
2016-09-27,BHARTIARTL,EQ,320.35,321.9,321.9,314.05,315.0,314.8,316.21,2244406,70971375335000.0,40214,1095643,0.4882
2016-09-28,BHARTIARTL,EQ,314.8,313.55,323.45,311.1,322.5,321.75,318.5,2941322,93680818220000.0,39487,1267296,0.43090000000000006
2016-09-29,BHARTIARTL,EQ,321.75,322.5,323.7,314.1,315.5,315.7,316.56,6256119,198046283765000.0,52050,4362401,0.6973
2016-09-30,BHARTIARTL,EQ,315.7,315.75,316.5,308.1,313.5,314.0,311.93,5727632,178660045245000.0,106566,3679940,0.6425
2016-10-03,BHARTIARTL,EQ,314.0,314.0,320.0,314.0,318.0,318.7,317.89,1507552,47923948830000.0,22632,725652,0.48130000000000006
2016-10-04,BHARTIARTL,EQ,318.7,317.5,324.85,316.1,323.3,324.0,321.1,2621167,84166158955000.0,50331,1484209,0.5662
2016-10-05,BHARTIARTL,EQ,324.0,322.0,326.15,320.6,322.0,321.7,323.88,1297532,42024696970000.0,46362,627342,0.48350000000000004
2016-10-06,BHARTIARTL,EQ,321.7,324.95,325.25,319.1,321.45,322.3,322.36,1569393,50590985790000.0,33622,587548,0.3744
2016-10-07,BHARTIARTL,EQ,322.3,322.6,324.45,317.2,319.35,319.45,320.11,1331294,42615401450000.0,36290,516789,0.3882
2016-10-10,BHARTIARTL,EQ,319.45,318.1,319.9,315.0,315.55,315.9,316.28,2421849,76598397830000.0,42980,1514442,0.6253000000000001
2016-10-13,BHARTIARTL,EQ,315.9,312.95,313.9,305.5,306.45,306.75,309.9,3100457,96083388385000.0,73509,1963986,0.6335000000000001
2016-10-14,BHARTIARTL,EQ,306.75,307.9,307.9,302.4,305.8,305.4,304.32,4894941,148963648030000.0,85319,3505421,0.7161
2016-10-17,BHARTIARTL,EQ,305.4,305.4,305.85,296.25,301.5,301.3,300.35,3406493,102313393100000.0,79143,1596078,0.4685
2016-10-18,BHARTIARTL,EQ,301.3,302.0,308.0,297.05,307.9,306.65,301.91,4599085,138849594480000.0,74403,2840771,0.6177
2016-10-19,BHARTIARTL,EQ,306.65,306.65,309.45,304.0,307.05,306.95,306.76,4572957,140280648809999.98,47844,2861391,0.6257
2016-10-20,BHARTIARTL,EQ,306.95,307.1,310.5,305.0,309.6,309.1,308.22,4768039,146960914455000.0,38139,3533536,0.7411
2016-10-21,BHARTIARTL,EQ,309.1,311.4,311.4,305.6,309.2,309.75,308.3,2129413,65650709060000.0,28253,1401174,0.658
2016-10-24,BHARTIARTL,EQ,309.75,306.35,308.0,303.65,306.4,306.65,306.18,1969377,60299119929999.99,26915,906506,0.46030000000000004
2016-10-25,BHARTIARTL,EQ,306.65,303.5,312.4,301.7,311.4,311.8,306.83,3627374,111297322609999.98,48235,1897154,0.523
2016-10-26,BHARTIARTL,EQ,311.8,315.0,322.9,314.8,316.75,317.7,318.91,5893311,187944770895000.0,59477,2351077,0.39890000000000003
2016-10-27,BHARTIARTL,EQ,317.7,314.55,325.65,313.6,322.65,323.1,321.0,5061205,162463376775000.0,34183,2967913,0.5864
2016-10-28,BHARTIARTL,EQ,323.1,322.95,322.95,318.25,318.95,318.85,319.54,1411617,45107353225000.0,16433,643950,0.4562
2016-10-30,BHARTIARTL,EQ,318.85,319.0,321.5,318.05,318.7,318.7,319.44,195586,6247817495000.0,2102,78566,0.4017
2016-11-01,BHARTIARTL,EQ,318.7,318.0,320.7,316.25,317.0,317.45,317.79,2161829,68701039290000.0,62040,1386160,0.6412000000000001
2016-11-02,BHARTIARTL,EQ,317.45,315.5,315.6,308.65,309.4,309.6,312.9,2002267,62651929985000.0,29328,1320687,0.6596
2016-11-03,BHARTIARTL,EQ,309.6,309.0,315.35,305.3,309.75,308.95,310.0,2693912,83511851885000.0,44137,1299500,0.48240000000000005
2016-11-04,BHARTIARTL,EQ,308.95,309.75,310.55,304.05,305.5,306.7,306.72,2141519,65684348004999.99,57970,1172263,0.5474
2016-11-07,BHARTIARTL,EQ,306.7,311.9,311.9,303.7,304.9,305.6,306.29,1664774,50990105655000.0,30196,1064440,0.6394
2016-11-08,BHARTIARTL,EQ,305.6,306.6,306.75,301.0,304.2,304.9,303.95,1376855,41849709765000.0,29874,587767,0.4269
2016-11-09,BHARTIARTL,EQ,304.9,288.0,305.0,283.05,300.65,301.0,296.83,5110029,151681090975000.0,38927,2942012,0.5757
2016-11-10,BHARTIARTL,EQ,301.0,305.0,314.1,303.25,309.9,308.65,309.89,2875894,89121464195000.0,43748,1679461,0.584
2016-11-11,BHARTIARTL,EQ,308.65,304.0,307.95,298.35,302.2,301.4,301.46,1699888,51244235110000.0,29291,823174,0.4843
2016-11-15,BHARTIARTL,EQ,301.4,303.0,304.9,294.0,304.0,302.65,299.26,2806881,83998892915000.0,70563,1700998,0.606
2016-11-16,BHARTIARTL,EQ,302.65,305.05,311.35,303.3,308.0,309.65,308.22,2475716,76305671340000.0,38159,1555627,0.6284000000000001
2016-11-17,BHARTIARTL,EQ,309.65,311.4,315.6,295.15,298.55,297.15,302.74,3818257,115595811115000.02,51147,1666046,0.4363
2016-11-18,BHARTIARTL,EQ,297.15,298.4,304.45,295.25,303.2,303.75,300.87,3281707,98737129380000.0,36966,1913094,0.583
2016-11-21,BHARTIARTL,EQ,303.75,304.4,305.55,297.45,300.0,299.5,299.59,1645883,49308628595000.0,15372,906313,0.5507
2016-11-22,BHARTIARTL,EQ,299.5,301.0,305.45,295.0,304.95,303.95,300.24,2998820,90036197015000.0,38865,1902855,0.6345000000000001
2016-11-23,BHARTIARTL,EQ,303.95,305.45,308.25,299.15,301.0,300.55,301.98,1775708,53622912295000.0,36468,806697,0.4543
2016-11-24,BHARTIARTL,EQ,300.55,301.0,304.7,298.4,300.6,302.4,301.14,4321906,130150612659999.98,46430,3204306,0.7414000000000001
2016-11-25,BHARTIARTL,EQ,302.4,302.9,306.0,298.65,301.25,301.0,300.86,1891865,56919233350000.0,57448,932203,0.4927
2016-11-28,BHARTIARTL,EQ,301.0,301.0,321.2,301.0,321.2,318.8,314.22,4403979,138380918409999.98,62878,2048696,0.46520000000000006
2016-11-29,BHARTIARTL,EQ,318.8,320.8,326.0,316.8,324.8,324.85,322.96,4070382,131456416930000.0,54035,2577190,0.6332
2016-11-30,BHARTIARTL,EQ,324.85,325.0,326.8,323.8,324.4,324.6,324.9,4500415,146220733380000.0,54474,3427624,0.7615999999999999
2016-12-01,BHARTIARTL,EQ,324.6,324.0,324.8,313.55,319.55,318.2,319.04,6420823,204847872155000.0,50165,2502829,0.3898
2016-12-02,BHARTIARTL,EQ,318.2,315.0,321.3,314.3,318.45,318.6,318.57,1654720,52715202175000.0,23873,470897,0.2846
2016-12-05,BHARTIARTL,EQ,318.6,317.5,328.65,317.5,327.7,326.75,325.23,2236218,72729381370000.0,40668,903454,0.40399999999999997
2016-12-06,BHARTIARTL,EQ,326.75,326.9,331.95,324.75,326.0,328.85,329.62,2832195,93354346645000.0,53928,1400680,0.49460000000000004
2016-12-07,BHARTIARTL,EQ,328.85,329.7,334.95,325.1,328.05,328.15,329.81,2613278,86189556980000.0,48461,1313639,0.5027
2016-12-08,BHARTIARTL,EQ,328.15,330.8,334.0,328.4,333.7,332.45,331.95,1857785,61668815275000.0,30291,947775,0.5102
2016-12-09,BHARTIARTL,EQ,332.45,334.15,337.45,329.1,331.9,332.0,332.19,2385084,79230564935000.0,63908,1388423,0.5821000000000001
2016-12-12,BHARTIARTL,EQ,332.0,329.5,330.0,326.55,327.45,329.15,328.83,698605,22972471350000.0,19879,294437,0.4215
2016-12-13,BHARTIARTL,EQ,329.15,326.0,330.95,326.0,330.0,330.0,329.37,958820,31580367775000.0,25692,475622,0.49600000000000005
2016-12-14,BHARTIARTL,EQ,330.0,328.1,329.75,321.5,323.75,322.6,325.41,1335121,43446527625000.0,46465,699692,0.5241
2016-12-15,BHARTIARTL,EQ,322.6,320.8,322.35,317.5,318.55,318.45,319.21,2769795,88414149920000.0,82117,1549127,0.5593
2016-12-16,BHARTIARTL,EQ,318.45,319.0,319.6,308.45,309.6,310.25,312.27,3967065,123879516420000.0,79700,2970275,0.7487
2016-12-19,BHARTIARTL,EQ,310.25,310.4,311.5,304.1,306.0,305.5,306.95,3718597,114143262340000.02,66230,2536128,0.682
2016-12-20,BHARTIARTL,EQ,305.5,306.0,306.75,299.1,303.35,302.55,301.56,3241008,97736571580000.0,43798,2244986,0.6927
2016-12-21,BHARTIARTL,EQ,302.55,304.1,306.35,300.0,301.0,301.7,303.11,2389833,72437271275000.0,71870,1555882,0.6509999999999999
2016-12-22,BHARTIARTL,EQ,301.7,299.5,300.95,290.25,293.5,292.25,294.89,2844538,83881307410000.0,56797,1900129,0.668
2016-12-23,BHARTIARTL,EQ,292.25,295.4,297.15,291.15,296.5,295.55,294.61,1845279,54364424515000.0,23265,976737,0.5293
2016-12-26,BHARTIARTL,EQ,295.55,294.5,297.0,288.7,296.0,296.1,293.69,2451002,71984340235000.0,27762,1567855,0.6397
2016-12-27,BHARTIARTL,EQ,296.1,296.0,300.8,291.15,300.3,299.6,295.81,2296599,67936618945000.01,40991,1388504,0.6046
2016-12-28,BHARTIARTL,EQ,299.6,299.0,303.1,296.8,298.95,299.5,299.58,2613061,78281681145000.0,52544,1434665,0.549
2016-12-29,BHARTIARTL,EQ,299.5,301.4,304.45,297.5,304.0,303.0,301.65,3200839,96551847355000.0,47226,1909780,0.5966
2016-12-30,BHARTIARTL,EQ,303.0,301.3,307.1,300.1,305.65,305.65,302.86,1761999,53363519585000.0,44259,1032913,0.5861999999999999
